{
	"description": "项目配置文件。",
	"packOptions": {
		"ignore": []
	},
	"setting": {
		"urlCheck": true,
		"es6": true,
		"postcss": true,
		"minified": true,
		"newFeature": true
	},
	"compileType": "miniprogram",
	"libVersion": "2.2.0",
	"appid": "wxd50787cf62145ce2",
	"projectname": "cc",
	"isGameTourist": false,
	"condition": {
		"search": {
			"current": -1,
			"list": []
		},
		"conversation": {
			"current": -1,
			"list": []
		},
		"plugin": {
			"current": -1,
			"list": []
		},
		"game": {
			"currentL": -1,
			"list": []
		},
		"miniprogram": {
			"current": 12,
			"list": [
				{
					"id": 0,
					"name": "shopping",
					"pathName": "pages/Shopping/shopping",
					"query": ""
				},
				{
					"id": 1,
					"name": "order",
					"pathName": "pages/order/order",
					"query": ""
				},
				{
					"id": 2,
					"name": "user",
					"pathName": "pages/User/user",
					"query": ""
				},
				{
					"id": 3,
					"name": "1",
					"pathName": "pages/detail/detail",
					"query": ""
				},
				{
					"id": -1,
					"name": "index",
					"pathName": "pages/Index/index",
					"query": ""
				},
				{
					"id": -1,
					"name": "1",
					"pathName": "pages/confirmOrder/confirmOrder",
					"query": ""
				},
				{
					"id": -1,
					"name": "1",
					"pathName": "pages/userInfo/userInfo",
					"query": ""
				},
				{
					"id": -1,
					"name": "manne",
					"pathName": "pages/manageAddress/manageAddress",
					"query": ""
				},
				{
					"id": -1,
					"name": "sort",
					"pathName": "pages/Sort/sort",
					"query": ""
				},
				{
					"id": -1,
					"name": "datai",
					"pathName": "pages/detail/detail",
					"query": ""
				},
				{
					"id": -1,
					"name": "conf",
					"pathName": "pages/confirmOrder/confirmOrder",
					"query": ""
				},
				{
					"id": -1,
					"name": "userinfo",
					"pathName": "pages/userInfo/userInfo",
					"query": ""
				},
				{
					"id": -1,
					"name": "gg",
					"pathName": "pages/gongzhonghao/gongzhonghao",
					"query": ""
				}
			]
		}
	}
}