{
	"description": "项目配置文件。",
	"setting": {
		"urlCheck": true,
		"es6": true,
		"postcss": true,
		"minified": true,
		"newFeature": true
	},
	"compileType": "miniprogram",
	"libVersion": "1.9.98",
	"appid": "wxe9e7dbf1e54d9f26",
	"projectname": "%E7%99%BE%E7%9F%B3%E5%95%86%E5%9F%8E%E5%B0%8F%E7%A8%8B%E5%BA%8F",
	"condition": {
		"search": {
			"current": -1,
			"list": []
		},
		"conversation": {
			"current": -1,
			"list": []
		},
		"plugin": {
			"current": -1,
			"list": []
		},
		"game": {
			"list": []
		},
		"miniprogram": {
			"current": 0,
			"list": [
				{
					"id": 0,
					"name": "新增地址",
					"pathName": "pages/index/index",
					"query": ""
				}
			]
		}
	}
}